"cell","param","rmse_n2500","rmse_n5000","rmse_n10000","rmse_2012"
"9.15:set1","alpha1",0.0294639850226328,0.0231197278687072,0.0166441579639976,0.029693
"9.15:set1","alpha2",0.0361848496333669,0.0281609912797647,0.02089011628196,0.033444
"9.15:set1","ar1",0.0206759196768574,0.014214707787311,0.0093992094765686,0.018019
"9.15:set1","ar2",0.0202408172053974,0.0138191319418384,0.00897462655515608,0.017749
"9.15:set1","beta1",0.0745900094171368,0.0467710124853053,0.029718380736769,0.054308
"9.15:set1","beta2",0.0464000352087779,0.0331744700160335,0.022027033655374,0.042078
"9.15:set1","delta",0.36504867632298,0.33241677411022,0.320559699816224,0.177481
"9.15:set1","gamma1",0.185856516571934,0.0766496909878207,0.0595270334387844,0.210093
"9.15:set1","gamma2",0.338352499827989,0.27685985947824,0.194533779645791,0.327781
"9.15:set1","ma1",0.0204234812087246,0.0136167811022175,0.00984969779068644,0.016219
"9.15:set1","ma2",0.0189354970469573,0.0109649794663106,0.00794828181218753,0.014316
"9.15:set1","mu",0.010352631622489,0.0069065907436717,0.00486806802206141,0.008888
"9.15:set1","omega",0.0202828636077877,0.0136824291455924,0.0106557802242976,0.016546
"9.15:set1","xi",0.0176182082510727,0.0117054724663463,0.00872081751453328,0.015467
"9.15:set2","alpha1",0.0272528301647776,0.0215524233449718,0.0147951311648356,0.025793
"9.15:set2","alpha2",0.0393006768646383,0.0274763783781592,0.019154261956033,0.034888
"9.15:set2","ar1",0.044451403268944,0.0276733620214873,0.0210288317488291,0.040526
"9.15:set2","ar2",0.0360834226602852,0.0220745070002048,0.0157851393977596,0.034729
"9.15:set2","beta1",0.0828855026385857,0.0444144930439428,0.0335401796959255,0.069265
"9.15:set2","beta2",0.08194970951198,0.0509818565895836,0.0336981627485828,0.076452
"9.15:set2","delta",0.28487946886223,0.189987313492592,0.115423208521112,0.307075
"9.15:set2","gamma1",0.58929865895872,0.390069548149512,0.24664979339264,0.550351
"9.15:set2","gamma2",0.384343734646465,0.26195796954275,0.17251757855526,0.332478
"9.15:set2","ma1",0.0403183934362203,0.0257149088420773,0.0189819746682371,0.037702
"9.15:set2","ma2",0.0224935952047557,0.015108119537746,0.0092899687563773,0.01886
"9.15:set2","mu",0.0240198385651583,0.0151510494731387,0.0114900193513547,0.012034
"9.15:set2","omega",0.0455365328339759,0.0265965873068933,0.0183097413658686,0.051102
"9.15:set2","xi",0.016719762412375,0.0109010832227209,0.008294786329305,0.013058
"9.16:set1","alpha1",0.0147977032531748,0.0105671071976935,0.00688891392533387,0.00966
"9.16:set1","alpha2",0.0214791931590447,0.0145412233363538,0.00908272135604535,0.01669
"9.16:set1","ar1",0.0602258354155155,0.0362809898633299,0.0261295834754088,0.04423
"9.16:set1","ar2",0.0470760832314009,0.0276578912392007,0.0185085655994465,0.03628
"9.16:set1","beta1",0.149373015781476,0.0964116917739428,0.0572202842648526,0.07987
"9.16:set1","beta2",0.119959332968636,0.0862156431979232,0.0521195018266223,0.07434
"9.16:set1","ma1",0.0556163291312915,0.0339428193087424,0.023566990848011,0.03797
"9.16:set1","ma2",0.029857599421683,0.02070164334761,0.0123950849030727,0.02205
"9.16:set1","mu",0.0300473204425578,0.0188861381001669,0.0143541393848837,0.04655
"9.16:set1","omega",0.0354253434305466,0.0213595427995319,0.0156426887330142,0.02234
"9.16:set1","xi",0.0138464919205329,0.00906926630845813,0.0069418024571352,0.20299
"9.16:set2","alpha1",0.0199378264931553,0.0137772903549507,0.00926319657464975,0.01911
"9.16:set2","alpha2",0.0296374324264165,0.0201216109603116,0.0132034329350685,0.02644
"9.16:set2","ar1",0.0634566207108997,0.0381670230010488,0.0268209963020207,0.05707
"9.16:set2","ar2",0.0504466002658536,0.0287333710872119,0.0186134770444108,0.04743
"9.16:set2","beta1",0.097372573176663,0.0709444446203228,0.0458716654134244,0.0846
"9.16:set2","beta2",0.066952505098239,0.0544452466805676,0.0344323327792773,0.06169
"9.16:set2","ma1",0.0580311599001736,0.0344199787276803,0.0240395852689917,0.05296
"9.16:set2","ma2",0.0303947102069899,0.0216869429912404,0.0126857462600394,0.02452
"9.16:set2","mu",0.0221911048297168,0.0142094738272249,0.0107817627684335,0.0444
"9.16:set2","omega",0.0130417854414275,0.0083105919198099,0.00611737076169641,0.0123
"9.16:set2","xi",0.0126317615616913,0.00841155443507725,0.00634040809244063,0.01217
