"cell","table","param_set","param","n","true","n_conv","rmse","bias","mean_se","emp_sd","se_rate","coverage95"
"9.11:set1","9.11","set1","alpha1",500,0.1,176,0.0403021170904063,-0.000178801053700425,0.0537925891156914,0.0404167042056873,0.0397727272727273,1
"9.11:set1","9.11","set1","alpha1",1000,0.1,249,0.0300917001671219,-0.00145871188956087,0.0359968591781371,0.0301168599003782,0.180722891566265,1
"9.11:set1","9.11","set1","alpha1",2500,0.1,294,0.0226564707061102,0.000124161278430332,0.0222153592928787,0.0226947598977415,0.414965986394558,0.975409836065574
"9.11:set1","9.11","set1","alpha1",5000,0.1,297,0.0160174818448906,0.000684354335872578,0.0153206879018664,0.016029864546785,0.67003367003367,0.949748743718593
"9.11:set1","9.11","set1","alpha2",500,0.1,176,0.0440267568959467,-0.00196731447900983,0.075146370624197,0.0441082667591412,0.0397727272727273,1
"9.11:set1","9.11","set1","alpha2",1000,0.1,249,0.0319033241627404,-0.0015903991308948,0.0416297966694551,0.0319278349643139,0.180722891566265,1
"9.11:set1","9.11","set1","alpha2",2500,0.1,294,0.0230509865345266,-0.000993875290758797,0.0254718782177469,0.0230688165098717,0.414965986394558,0.991803278688525
"9.11:set1","9.11","set1","alpha2",5000,0.1,297,0.016952374780878,-0.00116183987890577,0.0182861995141087,0.0169410586144662,0.67003367003367,0.994974874371859
"9.11:set1","9.11","set1","ar1",500,0.5,176,0.0623968595247182,-0.00589152818483946,0.058152121931285,0.0622953244500173,0.0397727272727273,0.714285714285714
"9.11:set1","9.11","set1","ar1",1000,0.5,249,0.0437381073521305,-0.00245383351900297,0.0349898234900144,0.0437571737536087,0.180722891566265,0.822222222222222
"9.11:set1","9.11","set1","ar1",2500,0.5,294,0.0268491760820099,-0.00124308720805921,0.0253772720249484,0.0268661134494157,0.414965986394558,0.89344262295082
"9.11:set1","9.11","set1","ar1",5000,0.5,297,0.0192667015426828,-0.00173514849512912,0.0179218633084088,0.0192207947344529,0.67003367003367,0.904522613065327
"9.11:set1","9.11","set1","ar2",500,0.4,176,0.0616310999117182,-0.00113111632298463,0.0555887144546646,0.0617965277427602,0.0397727272727273,0.714285714285714
"9.11:set1","9.11","set1","ar2",1000,0.4,249,0.0417667657302075,-0.000771860661674839,0.0335522098995227,0.041843741135997,0.180722891566265,0.844444444444444
"9.11:set1","9.11","set1","ar2",2500,0.4,294,0.0253354592052372,0.000637526591327875,0.0243494419008043,0.0253706208297963,0.414965986394558,0.918032786885246
"9.11:set1","9.11","set1","ar2",5000,0.4,297,0.0184701797795171,0.00162749674065532,0.0171696386519343,0.0184293888248766,0.67003367003367,0.92964824120603
"9.11:set1","9.11","set1","beta1",500,0.1,176,0.131263470244827,0.00642306421510863,0.3066864025599,0.131480283031495,0.0397727272727273,1
"9.11:set1","9.11","set1","beta1",1000,0.1,249,0.112600568016642,0.00403277762404866,0.183674033190871,0.112754971476014,0.180722891566265,1
"9.11:set1","9.11","set1","beta1",2500,0.1,294,0.0917523848651802,0.00514776709773281,0.118482962509237,0.09176405757542,0.414965986394558,1
"9.11:set1","9.11","set1","beta1",5000,0.1,297,0.0737929404071052,0.00336720795667111,0.0843170810168148,0.0738404921109956,0.67003367003367,1
"9.11:set1","9.11","set1","beta2",500,0.05,176,0.135666299803361,0.0337259403446263,0.153212229073369,0.131782318988252,0.0397727272727273,0.857142857142857
"9.11:set1","9.11","set1","beta2",1000,0.05,249,0.0890603127079497,0.0189391751607243,0.109801126026594,0.087198528791956,0.180722891566265,0.977777777777778
"9.11:set1","9.11","set1","beta2",2500,0.05,294,0.0505086443430586,0.00317416672301618,0.0661157500115169,0.0504947555409631,0.414965986394558,0.991803278688525
"9.11:set1","9.11","set1","beta2",5000,0.05,297,0.0385352643685038,0.00141474502167433,0.045120194208775,0.0385742804688817,0.67003367003367,0.994974874371859
"9.11:set1","9.11","set1","delta",500,1.3,176,0.281710763407942,-0.0610166301880168,0.45318832016208,0.275808161182759,0.0397727272727273,1
"9.11:set1","9.11","set1","delta",1000,1.3,249,0.25111237793912,-0.0474032021973707,0.32936397159303,0.247094244877098,0.180722891566265,1
"9.11:set1","9.11","set1","delta",2500,1.3,294,0.190947505866041,-0.0349334020270886,0.206449465837941,0.188044894985005,0.414965986394558,0.975409836065574
"9.11:set1","9.11","set1","delta",5000,1.3,297,0.147078138320449,-0.0168718893169437,0.144420156488537,0.146353809108845,0.67003367003367,0.964824120603015
"9.11:set1","9.11","set1","gamma1",500,0.5,176,0.336892289414215,0.116357410164741,0.343027631599935,0.317062379864233,0.0397727272727273,0.857142857142857
"9.11:set1","9.11","set1","gamma1",1000,0.5,249,0.240619817533267,0.0624369985338548,0.253161657173554,0.232845995874892,0.180722891566265,0.955555555555556
"9.11:set1","9.11","set1","gamma1",2500,0.5,294,0.171816165065189,0.0387458992772594,0.161544599950125,0.167675817367716,0.414965986394558,0.975409836065574
"9.11:set1","9.11","set1","gamma1",5000,0.5,297,0.103910934592263,0.0172471151231124,0.101240619973689,0.10264254666611,0.67003367003367,0.959798994974874
"9.11:set1","9.11","set1","gamma2",500,-0.5,176,0.356568359162982,-0.106507341348307,0.649417695609186,0.341260720230458,0.0397727272727273,1
"9.11:set1","9.11","set1","gamma2",1000,-0.5,249,0.263670184636968,-0.0632761114189898,0.317087318563909,0.256480576023296,0.180722891566265,0.955555555555556
"9.11:set1","9.11","set1","gamma2",2500,-0.5,294,0.186011488285772,-0.0407231305450896,0.196590453898774,0.181808498445858,0.414965986394558,0.983606557377049
"9.11:set1","9.11","set1","gamma2",5000,-0.5,297,0.130876938047102,-0.0224714199903132,0.13751112821934,0.129150957063354,0.67003367003367,0.984924623115578
"9.11:set1","9.11","set1","ma1",500,-0.4,176,0.0561506329286917,-0.00188708255194886,0.0598613353146993,0.0562790252530741,0.0397727272727273,1
"9.11:set1","9.11","set1","ma1",1000,-0.4,249,0.0428191262666752,0.000692169001701493,0.0377738431681565,0.0428997622278134,0.180722891566265,0.888888888888889
"9.11:set1","9.11","set1","ma1",2500,-0.4,294,0.0251812162233411,0.00270700688363823,0.0253084730376613,0.0250779763242507,0.414965986394558,0.942622950819672
"9.11:set1","9.11","set1","ma1",5000,-0.4,297,0.0189430625036692,0.00239325075998159,0.0175845072032806,0.0188229889670846,0.67003367003367,0.914572864321608
"9.11:set1","9.11","set1","ma2",500,0.4,176,0.0479476528801797,-0.00301757623836318,0.0466598167885272,0.0479891303445175,0.0397727272727273,1
"9.11:set1","9.11","set1","ma2",1000,0.4,249,0.0319137131299793,-0.000187096973064738,0.0303217097927626,0.0319774410173101,0.180722891566265,0.933333333333333
"9.11:set1","9.11","set1","ma2",2500,0.4,294,0.0199530416387514,0.00038224379860724,0.0202051950685422,0.0199833942609248,0.414965986394558,0.950819672131147
"9.11:set1","9.11","set1","ma2",5000,0.4,297,0.0134633785631663,-4.90853713589479e-05,0.0139356062357192,0.0134860119510206,0.67003367003367,0.949748743718593
"9.11:set1","9.11","set1","mu",500,0.1,176,0.0216760143455613,0.00544382432276509,0.0158872040213044,0.0210411474345899,0.0397727272727273,0.857142857142857
"9.11:set1","9.11","set1","mu",1000,0.1,249,0.0124672576639762,0.00242911457641359,0.0112595296839515,0.0122529534116865,0.180722891566265,0.977777777777778
"9.11:set1","9.11","set1","mu",2500,0.1,294,0.00700804120971263,0.000231660494172101,0.00751078630765241,0.0070161536319594,0.414965986394558,0.975409836065574
"9.11:set1","9.11","set1","mu",5000,0.1,297,0.00542780893787174,-0.000168012284133962,0.00519685482804269,0.00543436446603454,0.67003367003367,0.92964824120603
"9.11:set1","9.11","set1","omega",500,0.05,176,0.0337377544579206,0.0089799085894471,0.0450470327811162,0.0326135053441282,0.0397727272727273,0.857142857142857
"9.11:set1","9.11","set1","omega",1000,0.05,249,0.028693803522653,0.00829529670813004,0.0321501585342875,0.0275238958399037,0.180722891566265,0.955555555555556
"9.11:set1","9.11","set1","omega",2500,0.05,294,0.0213990055615705,0.00623074488843391,0.0211546116024209,0.0205067212493571,0.414965986394558,0.967213114754098
"9.11:set1","9.11","set1","omega",5000,0.05,297,0.01461750524502,0.00305839723656963,0.0143929795768342,0.014318097929419,0.67003367003367,0.959798994974874
"9.11:set1","9.11","set1","stable_alpha",500,1.8,176,0.0631113747021493,0.00532864189818616,0.0599486785242654,0.0630654358514172,0.0397727272727273,0.714285714285714
"9.11:set1","9.11","set1","stable_alpha",1000,1.8,249,0.0413766679314281,0.00635017950087313,0.0410468044447071,0.0409688248650519,0.180722891566265,0.977777777777778
"9.11:set1","9.11","set1","stable_alpha",2500,1.8,294,0.0276178702309921,0.00540444330841128,0.0256480737964968,0.0271300994071018,0.414965986394558,0.950819672131147
"9.11:set1","9.11","set1","stable_alpha",5000,1.8,297,0.0183257244178361,0.00313821909332557,0.0182993671602455,0.0180854928833846,0.67003367003367,0.954773869346734
"9.11:set1","9.11","set1","stable_beta",500,-0.7,176,0.243979612243554,-0.0344776229711595,0.204460989349821,0.242220356205314,0.0397727272727273,0.857142857142857
"9.11:set1","9.11","set1","stable_beta",1000,-0.7,249,0.152934998215567,-0.0179664390764001,0.144175141139678,0.152181898082383,0.180722891566265,0.933333333333333
"9.11:set1","9.11","set1","stable_beta",2500,-0.7,294,0.0980966109557207,-0.0111402002814246,0.0930223408108715,0.0976281735530849,0.414965986394558,0.926229508196721
"9.11:set1","9.11","set1","stable_beta",5000,-0.7,297,0.0676329694232115,-0.00764235950847192,0.0652642373882623,0.0673132157810538,0.67003367003367,0.92964824120603
"9.15:set1","9.15","set1","alpha1",500,0.1,185,0.0718909953953988,-0.010513321323991,0.0660314955217871,0.0713111019213164,0.0756756756756757,1
"9.15:set1","9.15","set1","alpha1",1000,0.1,226,0.0497204373880014,-0.00473670021258507,0.044618761108999,0.0496041637017593,0.20353982300885,0.956521739130435
"9.15:set1","9.15","set1","alpha1",2500,0.1,275,0.0295359392762496,-0.00297840421956462,0.0282852831825655,0.0294389585425811,0.414545454545455,0.947368421052632
"9.15:set1","9.15","set1","alpha1",5000,0.1,288,0.0203127707083988,-0.000528369236242665,0.0196767908642805,0.0203412430270402,0.604166666666667,0.948275862068966
"9.15:set1","9.15","set1","alpha2",500,0.1,185,0.0544571605116209,-0.00217158710377637,0.0882628797316845,0.0545615084690645,0.0756756756756757,1
"9.15:set1","9.15","set1","alpha2",1000,0.1,226,0.0396328510922033,-0.00213143111617084,0.0577794146774165,0.0396633440895968,0.20353982300885,0.978260869565217
"9.15:set1","9.15","set1","alpha2",2500,0.1,275,0.0304920314941477,-0.000703438454687441,0.0372796691918041,0.0305394933203142,0.414545454545455,0.973684210526316
"9.15:set1","9.15","set1","alpha2",5000,0.1,288,0.0257964099259495,-0.0022315257788274,0.0274707377701715,0.0257444433730376,0.604166666666667,0.971264367816092
"9.15:set1","9.15","set1","ar1",500,0.5,185,0.0456136690667425,0.00204037059958351,0.0259581752571817,0.0456916700681895,0.0756756756756757,0.714285714285714
"9.15:set1","9.15","set1","ar1",1000,0.5,226,0.0352435849489337,0.00363565814004829,0.0212208563720757,0.0351333746367093,0.20353982300885,0.565217391304348
"9.15:set1","9.15","set1","ar1",2500,0.5,275,0.0197785399803186,-4.75236373776999e-05,0.0159692953850433,0.0198145421368665,0.414545454545455,0.789473684210526
"9.15:set1","9.15","set1","ar1",5000,0.5,288,0.0148991511205885,-0.00215119352414345,0.0123208800572655,0.0147686970395157,0.604166666666667,0.816091954022989
"9.15:set1","9.15","set1","ar2",500,0.4,185,0.0445674223884568,-0.00240907968210857,0.025016169528526,0.0446230298910951,0.0756756756756757,0.785714285714286
"9.15:set1","9.15","set1","ar2",1000,0.4,226,0.0345386444784329,-0.00372567661688189,0.0203754210034272,0.0344133326185461,0.20353982300885,0.521739130434783
"9.15:set1","9.15","set1","ar2",2500,0.4,275,0.0187694723811137,4.57040718792601e-05,0.0153444730941266,0.0188036363024987,0.414545454545455,0.81578947368421
"9.15:set1","9.15","set1","ar2",5000,0.4,288,0.0140553853008798,0.00206999100963723,0.0118228414371514,0.0139263205586493,0.604166666666667,0.804597701149425
"9.15:set1","9.15","set1","beta1",500,0.1,185,0.0996772070062238,-0.000880355452691661,0.177963517351263,0.0999438036556458,0.0756756756756757,1
"9.15:set1","9.15","set1","beta1",1000,0.1,226,0.0872553273792339,0.0118679427382779,0.108593858493457,0.0866363425055257,0.20353982300885,1
"9.15:set1","9.15","set1","beta1",2500,0.1,275,0.0624173151528677,-0.001530622938615,0.062676257777872,0.0625123073046173,0.414545454545455,0.982456140350877
"9.15:set1","9.15","set1","beta1",5000,0.1,288,0.0454409498256254,-0.00147725759046342,0.0433861054582503,0.0454959858759675,0.604166666666667,0.931034482758621
"9.15:set1","9.15","set1","beta2",500,0.05,185,0.102532842376087,0.0176681740931848,0.146936473131861,0.101273188089184,0.0756756756756757,0.928571428571429
"9.15:set1","9.15","set1","beta2",1000,0.05,226,0.0691241413547787,0.00625748967363966,0.0884115004223558,0.0689931367752686,0.20353982300885,0.956521739130435
"9.15:set1","9.15","set1","beta2",2500,0.05,275,0.0465689573470327,0.00273808377873944,0.0502708789585685,0.0465731485929866,0.414545454545455,0.973684210526316
"9.15:set1","9.15","set1","beta2",5000,0.05,288,0.0322124415118142,0.001684663301621,0.0343304175460634,0.0322243523459417,0.604166666666667,0.982758620689655
"9.15:set1","9.15","set1","delta",500,1.3,185,0.538745443576219,0.0634452433803065,0.560991826823874,0.536448417747568,0.0756756756756757,1
"9.15:set1","9.15","set1","delta",1000,1.3,226,0.3674581318903,-0.020150979691977,0.304790503542535,0.367719628560229,0.20353982300885,0.891304347826087
"9.15:set1","9.15","set1","delta",2500,1.3,275,0.272197152188545,-0.0120018565874074,0.189816591785199,0.272428202568258,0.414545454545455,0.929824561403509
"9.15:set1","9.15","set1","delta",5000,1.3,288,0.230701250034485,0.00628447790353381,0.13238631661214,0.231017057202623,0.604166666666667,0.931034482758621
"9.15:set1","9.15","set1","gamma1",500,0.5,185,0.630968126185691,-0.15444371610055,0.751616643729496,0.613434576441357,0.0756756756756757,0.928571428571429
"9.15:set1","9.15","set1","gamma1",1000,0.5,226,0.439232518573942,-0.0972104860423182,0.279231589363796,0.429291011637802,0.20353982300885,0.934782608695652
"9.15:set1","9.15","set1","gamma1",2500,0.5,275,0.181709270057408,-0.0250141053211281,0.136002230771361,0.180307443987881,0.414545454545455,0.93859649122807
"9.15:set1","9.15","set1","gamma1",5000,0.5,288,0.0892085599877535,0.00173693976777478,0.0863427113124215,0.089346899827386,0.604166666666667,0.919540229885057
"9.15:set1","9.15","set1","gamma2",500,-0.5,185,0.457455168829176,-0.144895923426089,0.91392293063816,0.435078856730872,0.0756756756756757,0.928571428571429
"9.15:set1","9.15","set1","gamma2",1000,-0.5,226,0.385008778630802,-0.125201167087337,0.470970655153845,0.364891171529276,0.20353982300885,0.934782608695652
"9.15:set1","9.15","set1","gamma2",2500,-0.5,275,0.31617109724384,-0.0937486823517287,0.367054307198197,0.302503064499554,0.414545454545455,0.956140350877193
"9.15:set1","9.15","set1","gamma2",5000,-0.5,288,0.263719114618733,-0.0767450837102664,0.305041966879059,0.252744472328494,0.604166666666667,0.959770114942529
"9.15:set1","9.15","set1","ma1",500,-0.4,185,0.0445084122520213,-0.00104836904891187,0.0375788157738706,0.0446168130630168,0.0756756756756757,0.928571428571429
"9.15:set1","9.15","set1","ma1",1000,-0.4,226,0.0331723648954317,-0.00362134209182763,0.0272307435570444,0.0330473006711677,0.20353982300885,0.891304347826087
"9.15:set1","9.15","set1","ma1",2500,-0.4,275,0.0208222969399265,-0.000619389622334265,0.0182905466704167,0.0208510280642681,0.414545454545455,0.894736842105263
"9.15:set1","9.15","set1","ma1",5000,-0.4,288,0.0153280094722673,0.00101534096801148,0.0133141788514881,0.0153209659866134,0.604166666666667,0.885057471264368
"9.15:set1","9.15","set1","ma2",500,0.4,185,0.0350979716287817,-0.000972107078870244,0.0345969326709756,0.0351797159899186,0.0756756756756757,0.928571428571429
"9.15:set1","9.15","set1","ma2",1000,0.4,226,0.0243529058306852,7.051939795788e-05,0.0242931928590686,0.0244068610724551,0.20353982300885,1
"9.15:set1","9.15","set1","ma2",2500,0.4,275,0.0145231220133314,-0.000102092150071842,0.0154309013246011,0.0145492404305369,0.414545454545455,0.964912280701754
"9.15:set1","9.15","set1","ma2",5000,0.4,288,0.0103891881289959,-0.000820363469425156,0.0109925034387698,0.010374775648843,0.604166666666667,0.959770114942529
"9.15:set1","9.15","set1","mu",500,0.1,185,0.0240533171852874,0.000884954674730459,0.020625812138143,0.0241022618374549,0.0756756756756757,0.928571428571429
"9.15:set1","9.15","set1","mu",1000,0.1,226,0.0164006962568965,0.000741425331907089,0.0152438235121043,0.0164202972660235,0.20353982300885,0.891304347826087
"9.15:set1","9.15","set1","mu",2500,0.1,275,0.00991881761297413,0.000212587794274244,0.00946356211571042,0.00993461857165711,0.414545454545455,0.93859649122807
"9.15:set1","9.15","set1","mu",5000,0.1,288,0.00698340842630798,0.00013309539875507,0.00672615795394682,0.00699429342123183,0.604166666666667,0.936781609195402
"9.15:set1","9.15","set1","omega",500,0.05,185,0.0407193499344428,0.0081002417452967,0.0434380480951432,0.0400138247447191,0.0756756756756757,0.928571428571429
"9.15:set1","9.15","set1","omega",1000,0.05,226,0.0284715709339504,0.00842814767003725,0.0335564875522521,0.0272558943101673,0.20353982300885,0.978260869565217
"9.15:set1","9.15","set1","omega",2500,0.05,275,0.0204904713358401,0.00570131562883653,0.0184246319815777,0.0197172036027481,0.414545454545455,0.956140350877193
"9.15:set1","9.15","set1","omega",5000,0.05,288,0.0145016616811255,0.00220084039184576,0.0124541886622542,0.0143586337232107,0.604166666666667,0.931034482758621
"9.15:set1","9.15","set1","xi",500,0.2,185,0.0357988459093438,0.00439903381005738,0.0388733934163205,0.0356239481878366,0.0756756756756757,0.928571428571429
"9.15:set1","9.15","set1","xi",1000,0.2,226,0.0250220433269466,0.003160573118942,0.0263203524861877,0.0248767303262649,0.20353982300885,0.934782608695652
"9.15:set1","9.15","set1","xi",2500,0.2,275,0.0162781563482955,0.00189038571871838,0.0162590588348683,0.0161974951183496,0.414545454545455,0.921052631578947
"9.15:set1","9.15","set1","xi",5000,0.2,288,0.0112754493762488,0.000717939204690515,0.0114241945192666,0.0112721563032737,0.604166666666667,0.936781609195402
"9.2:theta2","9.2","theta2","alpha1",500,0.8,254,0.106396355926187,-0.0200437422312161,0.0826251005704932,0.104697606530473,0.409448818897638,0.807692307692308
"9.2:theta2","9.2","theta2","alpha1",1000,0.8,243,0.0662761917479562,-0.00812016978914742,0.0599675077712577,0.0659126310571306,0.283950617283951,0.884057971014493
"9.2:theta2","9.2","theta2","alpha1",2500,0.8,210,0.04202399071296,-0.00594631872671658,0.0379906949205756,0.0417005724777452,0.0666666666666667,0.928571428571429
"9.2:theta2","9.2","theta2","alpha1",5000,0.8,180,0.0361708058088571,-0.0105823107611985,0.0277124731147192,0.0346846560610225,0.00555555555555556,1
"9.2:theta2","9.2","theta2","ar1",500,0.1,254,0.0443552184035769,-0.00251760432994053,0.0278117945405411,0.0443711419984763,0.409448818897638,0.942307692307692
"9.2:theta2","9.2","theta2","ar1",1000,0.1,243,0.0333294719665806,9.58812510027801e-05,0.0189957471225273,0.0333981253204464,0.283950617283951,0.91304347826087
"9.2:theta2","9.2","theta2","ar1",2500,0.1,210,0.0277678753272131,-0.0025025178743696,0.0121281684885603,0.0277209595396509,0.0666666666666667,1
"9.2:theta2","9.2","theta2","ar1",5000,0.1,180,0.0208984521505457,-0.00381790515285095,0.00767307465577974,0.020604062415492,0.00555555555555556,1
"9.2:theta2","9.2","theta2","beta1",500,0.02,254,0.028661961393047,0.00218446660136351,0.0140877283649747,0.0286350195152268,0.409448818897638,0.846153846153846
"9.2:theta2","9.2","theta2","beta1",1000,0.02,243,0.0207800591407856,0.000273240180585648,0.0084700404436736,0.0208211486612302,0.283950617283951,0.884057971014493
"9.2:theta2","9.2","theta2","beta1",2500,0.02,210,0.0171105929301429,0.000342196222580807,0.00541070225956984,0.0171480481898707,0.0666666666666667,1
"9.2:theta2","9.2","theta2","beta1",5000,0.02,180,0.0158300490789285,0.000354081626984058,0.00350872526969407,0.0158702339711782,0.00555555555555556,1
"9.2:theta2","9.2","theta2","mu",500,0.01,254,0.00769205510817875,0.000186064569647728,0.007093692314607,0.0077049866579124,0.409448818897638,0.951923076923077
"9.2:theta2","9.2","theta2","mu",1000,0.01,243,0.0054517015740335,-0.000258520596981176,0.00500481827329648,0.00545680815501755,0.283950617283951,0.91304347826087
"9.2:theta2","9.2","theta2","mu",2500,0.01,210,0.00503025231484132,0.000851989517607687,0.00317585760132834,0.00496942131001742,0.0666666666666667,1
"9.2:theta2","9.2","theta2","mu",5000,0.01,180,0.00678574763386686,0.00219914773575318,0.00223397882668103,0.00643741751962567,0.00555555555555556,1
"9.2:theta2","9.2","theta2","omega",500,0.01,254,0.00209221044132491,0.000155894022036366,0.00159128960740783,0.00209051364086568,0.409448818897638,0.913461538461538
"9.2:theta2","9.2","theta2","omega",1000,0.01,243,0.00150493803153923,1.544443964243e-05,0.00113142646656665,0.00150796478708302,0.283950617283951,0.869565217391304
"9.2:theta2","9.2","theta2","omega",2500,0.01,210,0.00322316037922199,0.000536277954094222,0.000710984270180104,0.00318582795161145,0.0666666666666667,0.857142857142857
"9.2:theta2","9.2","theta2","omega",5000,0.01,180,0.0049775932740875,0.00155159533389499,0.000484310469116771,0.0047427790511835,0.00555555555555556,1
"9.2:theta2","9.2","theta2","xi",500,0.2,254,0.0355670890739884,-0.000544378914337729,0.0357492063938263,0.0356331359258825,0.409448818897638,0.942307692307692
"9.2:theta2","9.2","theta2","xi",1000,0.2,243,0.0251953762918465,-0.000511259743079112,0.0250860177867043,0.0252421807540254,0.283950617283951,1
"9.2:theta2","9.2","theta2","xi",2500,0.2,210,0.0188129734506595,-0.0010615075711228,0.0157632930148333,0.0188278839919825,0.0666666666666667,1
"9.2:theta2","9.2","theta2","xi",5000,0.2,180,0.015325829707272,-0.00239999220905412,0.0109715395015127,0.0151789689940505,0.00555555555555556,1
"9.2:theta3","9.2","theta3","alpha1",500,0.5,252,0.0740656250441876,-0.00308371005031238,0.0640235482189519,0.0741486689391932,0.476190476190476,0.875
"9.2:theta3","9.2","theta3","alpha1",1000,0.5,250,0.0492487488671199,-0.00221854351424533,0.0457926007922546,0.049297447020948,0.404,0.881188118811881
"9.2:theta3","9.2","theta3","alpha1",2500,0.5,225,0.0291232169581482,-0.000951645805643275,0.0288572824936521,0.0291725646750056,0.106666666666667,0.958333333333333
"9.2:theta3","9.2","theta3","alpha1",5000,0.5,179,0.022059955470176,-0.000553464705879692,0.0208099125441016,0.0221148713091521,0.0223463687150838,0.75
"9.2:theta3","9.2","theta3","ar1",500,0.2,252,0.0425457859983246,-0.000152147726898921,0.0292422784013781,0.042630181723371,0.476190476190476,0.933333333333333
"9.2:theta3","9.2","theta3","ar1",1000,0.2,250,0.0342706569120919,-0.000499171038943785,0.0198933759926216,0.0343357617009808,0.404,0.910891089108911
"9.2:theta3","9.2","theta3","ar1",2500,0.2,225,0.0316945028340334,-0.00287896719632821,0.0122995872435009,0.0316338523748322,0.106666666666667,0.916666666666667
"9.2:theta3","9.2","theta3","ar1",5000,0.2,179,0.033462934412264,-0.00347984327631917,0.00736673314138826,0.0333748628726771,0.0223463687150838,0.75
"9.2:theta3","9.2","theta3","beta1",500,0.1,252,0.0323089981995351,-0.00394177580554415,0.0286982865828509,0.0321314599020941,0.476190476190476,0.916666666666667
"9.2:theta3","9.2","theta3","beta1",1000,0.1,250,0.022583824170588,-0.00154324999699167,0.0195230211685341,0.0225762317176516,0.404,0.930693069306931
"9.2:theta3","9.2","theta3","beta1",2500,0.1,225,0.0164820708372216,-0.00179798252622819,0.0120008960376222,0.0164202389723559,0.106666666666667,0.958333333333333
"9.2:theta3","9.2","theta3","beta1",5000,0.1,179,0.0146092055642484,-0.00187894611810949,0.00890835835485938,0.0145285117431795,0.0223463687150838,0.75
"9.2:theta3","9.2","theta3","mu",500,0.05,252,0.0196289372789805,6.95456694048829e-05,0.0179422348214103,0.019667876433039,0.476190476190476,0.916666666666667
"9.2:theta3","9.2","theta3","mu",1000,0.05,250,0.0145859117220492,7.04592737824083e-06,0.0126141954054453,0.014615169648476,0.404,0.900990099009901
"9.2:theta3","9.2","theta3","mu",2500,0.05,225,0.0115259931524561,0.00173780858598786,0.00817223875741603,0.0114196379611172,0.106666666666667,0.916666666666667
"9.2:theta3","9.2","theta3","mu",5000,0.05,179,0.0140941721696752,0.00284478647547503,0.00613975010460573,0.0138428104389917,0.0223463687150838,0.75
"9.2:theta3","9.2","theta3","omega",500,0.05,252,0.00977115971643474,0.00074938464448239,0.00847002190796437,0.00976176870370641,0.476190476190476,0.908333333333333
"9.2:theta3","9.2","theta3","omega",1000,0.05,250,0.00766778807659561,4.6528264320625e-05,0.00595228834089877,0.00768302836174843,0.404,0.891089108910891
"9.2:theta3","9.2","theta3","omega",2500,0.05,225,0.00843615123784881,0.00150624364977904,0.0038370563421567,0.00831910250660652,0.106666666666667,0.916666666666667
"9.2:theta3","9.2","theta3","omega",5000,0.05,179,0.0146803397846937,0.00295308149913196,0.00286047475744237,0.0144205907263769,0.0223463687150838,0.75
"9.2:theta3","9.2","theta3","xi",500,0.3,252,0.0372406113244941,0.000878193036464414,0.0389618864995973,0.0373043454215982,0.476190476190476,0.966666666666667
"9.2:theta3","9.2","theta3","xi",1000,0.3,250,0.0278816118917991,0.000152273859141405,0.0269931341377026,0.0279371263100302,0.404,0.97029702970297
"9.2:theta3","9.2","theta3","xi",2500,0.3,225,0.0202004155548585,-0.000116299612883397,0.0166869735576732,0.0202451200218419,0.106666666666667,0.916666666666667
"9.2:theta3","9.2","theta3","xi",5000,0.3,179,0.0175307362025018,-0.0012809967307848,0.0107480145668228,0.0175329146151786,0.0223463687150838,0.75
"9.7:phi1","9.7","phi1","alpha1",500,0.45,224,0.0510482627684969,-0.00772381005509226,0.0490287906423022,0.0505735714733809,0.59375,0.924812030075188
"9.7:phi1","9.7","phi1","alpha1",1000,0.45,251,0.0359135132666085,-0.00368036159412388,0.0343904189152051,0.0357958142131467,0.681274900398406,0.947368421052632
"9.7:phi1","9.7","phi1","alpha1",2500,0.45,271,0.0218288055127654,-0.00143148724669784,0.0217412045232349,0.0218221173970168,0.734317343173432,0.934673366834171
"9.7:phi1","9.7","phi1","alpha1",5000,0.45,284,0.0152167742038585,-0.00116345274790347,0.0153900865832225,0.0151990134681236,0.707746478873239,0.970149253731343
"9.7:phi1","9.7","phi1","ar1",500,0.32,224,0.0384322895017727,-0.00430580757021609,0.00860168855681982,0.038275857407581,0.59375,0.353383458646617
"9.7:phi1","9.7","phi1","ar1",1000,0.32,251,0.0258057243072622,-0.000186642346535926,0.00663568489850312,0.0258566079357586,0.681274900398406,0.362573099415205
"9.7:phi1","9.7","phi1","ar1",2500,0.32,271,0.0169388418555652,-0.000270795836627202,0.00474354936333694,0.0169680123837806,0.734317343173432,0.366834170854271
"9.7:phi1","9.7","phi1","ar1",5000,0.32,284,0.0117833224782006,0.00042048391859878,0.00369358664576207,0.0117966046590598,0.707746478873239,0.437810945273632
"9.7:phi1","9.7","phi1","beta1",500,0.08,224,0.0585269712708028,0.000330622264143987,0.0688748910812907,0.0586571149267664,0.59375,0.984962406015038
"9.7:phi1","9.7","phi1","beta1",1000,0.08,251,0.0446679131280663,0.00167491310040555,0.0476281475894961,0.0447256838722434,0.681274900398406,0.970760233918129
"9.7:phi1","9.7","phi1","beta1",2500,0.08,271,0.0276116633502323,-0.00167817837603579,0.0292541330301451,0.0276116091159599,0.734317343173432,0.974874371859296
"9.7:phi1","9.7","phi1","beta1",5000,0.08,284,0.0209086558845066,-0.00160530894643972,0.0203651061069593,0.0208837387700658,0.707746478873239,0.970149253731343
"9.7:phi1","9.7","phi1","mu",500,0.21,224,0.0120277103391734,0.00137815005204339,0.00270754102433167,0.0119752547797518,0.59375,0.368421052631579
"9.7:phi1","9.7","phi1","mu",1000,0.21,251,0.0080566944194955,1.39174461912528e-05,0.00208956345274229,0.00807277968229759,0.681274900398406,0.368421052631579
"9.7:phi1","9.7","phi1","mu",2500,0.21,271,0.00532206873992927,8.07559770006905e-05,0.00149414200007625,0.00533130145781833,0.734317343173432,0.366834170854271
"9.7:phi1","9.7","phi1","mu",5000,0.21,284,0.00370977805430733,-0.00014124145556843,0.00115976109046178,0.00371363220425489,0.707746478873239,0.427860696517413
"9.7:phi1","9.7","phi1","omega",500,0.01,224,0.00141553238513511,0.000164463898170502,0.00153754766539612,0.00140909460697339,0.59375,0.992481203007519
"9.7:phi1","9.7","phi1","omega",1000,0.01,251,0.000954676314862707,5.05567956175217e-05,0.00106472877264034,0.00095524147736739,0.681274900398406,0.988304093567251
"9.7:phi1","9.7","phi1","omega",2500,0.01,271,0.000627163331394618,6.53745038204315e-05,0.000657915496886762,0.000624900777346049,0.734317343173432,0.969849246231156
"9.7:phi1","9.7","phi1","omega",5000,0.01,284,0.000473299747428325,3.92923979361942e-05,0.000459999986329065,0.000472498536576565,0.707746478873239,0.935323383084577
"9.7:phi1","9.7","phi1","stable_alpha",500,1.8,224,0.0617669651398357,0.00226976390115885,0.059233046027094,0.0618634899097253,0.59375,0.924812030075188
"9.7:phi1","9.7","phi1","stable_alpha",1000,1.8,251,0.0421056094333098,0.00510697668301741,0.0412479962559024,0.0418782561653322,0.681274900398406,0.929824561403509
"9.7:phi1","9.7","phi1","stable_alpha",2500,1.8,271,0.0284112598154974,0.00173944536898052,0.026375526976601,0.0284104283034684,0.734317343173432,0.914572864321608
"9.7:phi1","9.7","phi1","stable_alpha",5000,1.8,284,0.0193348499448442,0.00197579510201606,0.018688243313905,0.0192675851791265,0.707746478873239,0.940298507462687
"9.7:phi1","9.7","phi1","stable_beta",500,0.5,224,0.229377473024667,0.0375783835059549,0.235004592246891,0.226785129832534,0.59375,0.947368421052632
"9.7:phi1","9.7","phi1","stable_beta",1000,0.5,251,0.172907212716313,0.0387309156726625,0.158430298793392,0.168850252182232,0.681274900398406,0.900584795321637
"9.7:phi1","9.7","phi1","stable_beta",2500,0.5,271,0.106924183697393,0.0160758380412633,0.0982107711814534,0.105904367079532,0.734317343173432,0.899497487437186
"9.7:phi1","9.7","phi1","stable_beta",5000,0.5,284,0.0718553991400277,0.00829861252027375,0.0701363564614459,0.0715005775283785,0.707746478873239,0.920398009950249
"9.7:phi3","9.7","phi3","alpha1",500,0.5,264,0.0516235491665546,-0.00598401047640523,0.0501695374048645,0.0513729436435567,0.871212121212121,0.943478260869565
"9.7:phi3","9.7","phi3","alpha1",1000,0.5,277,0.0371475920956716,-0.00382745564946674,0.0350881920984361,0.0370167651180869,0.971119133574007,0.933085501858736
"9.7:phi3","9.7","phi3","alpha1",2500,0.5,291,0.0218440744331669,-0.00147130308943544,0.0221570042734887,0.0218320127827731,0.993127147766323,0.951557093425606
"9.7:phi3","9.7","phi3","alpha1",5000,0.5,289,0.015738631128162,-0.00109345913866077,0.0156849871468034,0.0157278348933136,0.996539792387543,0.954861111111111
"9.7:phi3","9.7","phi3","ar1",500,0.2,264,0.0396498589846555,-0.00343731879355469,0.0300968755841217,0.0395756091806836,0.871212121212121,0.81304347826087
"9.7:phi3","9.7","phi3","ar1",1000,0.2,277,0.0265562968630387,0.000246156567043715,0.0219577151531682,0.0266032196670413,0.971119133574007,0.884758364312268
"9.7:phi3","9.7","phi3","ar1",2500,0.2,291,0.0168912681874155,-0.000575764982655574,0.0143766370209442,0.0169105333199824,0.993127147766323,0.875432525951557
"9.7:phi3","9.7","phi3","ar1",5000,0.2,289,0.0117628563557096,0.000136547477537191,0.0102128908466405,0.0117824663372525,0.996539792387543,0.885416666666667
"9.7:phi3","9.7","phi3","beta1",500,0.1,264,0.0556903065546261,0.0014216629238462,0.0599966628062467,0.0557778976672648,0.871212121212121,0.973913043478261
"9.7:phi3","9.7","phi3","beta1",1000,0.1,277,0.0401367941266347,0.00128835123536875,0.0416380416574682,0.0401887198058489,0.971119133574007,0.95910780669145
"9.7:phi3","9.7","phi3","beta1",2500,0.1,291,0.0239757210363696,-0.000566387288516851,0.0259683726972953,0.0240103204644836,0.993127147766323,0.975778546712803
"9.7:phi3","9.7","phi3","beta1",5000,0.1,289,0.0181368201735035,-0.00113370704662762,0.0182125704606631,0.0181327510058731,0.996539792387543,0.958333333333333
"9.7:phi3","9.7","phi3","mu",500,0.05,264,0.00695322384821287,0.000345079403153342,0.00554717925448262,0.00695784589044778,0.871212121212121,0.869565217391304
"9.7:phi3","9.7","phi3","mu",1000,0.05,277,0.00459442421695864,-0.000109555855582172,0.00399104415087879,0.00460143117219979,0.971119133574007,0.881040892193309
"9.7:phi3","9.7","phi3","mu",2500,0.05,291,0.00290911805129789,1.84899424221022e-05,0.00262848797878349,0.0029140705940726,0.993127147766323,0.927335640138408
"9.7:phi3","9.7","phi3","mu",5000,0.05,289,0.00219617545148398,3.00563943022442e-06,0.00188592601234594,0.00219998289179868,0.996539792387543,0.90625
"9.7:phi3","9.7","phi3","omega",500,0.05,264,0.00739987501857229,0.000748232472064486,0.00768052053324188,0.00737593218777723,0.871212121212121,0.956521739130435
"9.7:phi3","9.7","phi3","omega",1000,0.05,277,0.00492787078224816,0.000338358637861677,0.0053079671477541,0.00492513900870743,0.971119133574007,0.977695167286245
"9.7:phi3","9.7","phi3","omega",2500,0.05,291,0.0031209362121605,0.000256167146861414,0.00332202509359149,0.00311576346921856,0.993127147766323,0.965397923875433
"9.7:phi3","9.7","phi3","omega",5000,0.05,289,0.0022853007368429,0.000180608903424771,0.00232550540874905,0.00228210443347734,0.996539792387543,0.958333333333333
"9.7:phi3","9.7","phi3","stable_alpha",500,1.8,264,0.0613192558755128,0.00248643313489016,0.059205675556359,0.0613851941168132,0.871212121212121,0.943478260869565
"9.7:phi3","9.7","phi3","stable_alpha",1000,1.8,277,0.0423466093627267,0.0038510571435697,0.0414645114451583,0.0422474635762436,0.971119133574007,0.940520446096654
"9.7:phi3","9.7","phi3","stable_alpha",2500,1.8,291,0.0278391698787703,0.00155114255571709,0.0263613039987268,0.0278438057784705,0.993127147766323,0.934256055363322
"9.7:phi3","9.7","phi3","stable_alpha",5000,1.8,289,0.019625033642473,0.00152452858205687,0.0187065850615631,0.0195996680175283,0.996539792387543,0.9375
"9.7:phi3","9.7","phi3","stable_beta",500,0.5,264,0.254230461999498,0.037877055194476,0.230150753466849,0.251870511993672,0.871212121212121,0.952173913043478
"9.7:phi3","9.7","phi3","stable_beta",1000,0.5,277,0.169086852318561,0.0314426714248183,0.157522594813247,0.166438361803844,0.971119133574007,0.925650557620818
"9.7:phi3","9.7","phi3","stable_beta",2500,0.5,291,0.104159080880784,0.0168041543750476,0.0982445905589511,0.102971702623949,0.993127147766323,0.923875432525952
"9.7:phi3","9.7","phi3","stable_beta",5000,0.5,289,0.0707040141135946,0.00592958898952289,0.0695849881316309,0.0705771446128158,0.996539792387543,0.9375
