"table","param_set","param","cell","true","n_conv","conv_rate","mean_est","bias","rmse","rmse_2012","est_2012","ratio","comparable","pass"
9.11,"set1","alpha1","9.11:set1",0.1,97,0.97,0.101444465669858,0.00144446566985809,0.0234840637733553,0.064754,0.155981,0.362665839536635,TRUE,TRUE
9.11,"set1","alpha2","9.11:set1",0.1,97,0.97,0.0974855803310767,-0.00251441966892331,0.0235628643955614,0.062041,0.150961,0.379795045140494,TRUE,TRUE
9.11,"set1","ar1","9.11:set1",0.5,97,0.97,0.49601490247631,-0.00398509752369014,0.0262476857126293,0.024582,0.502541,1.06776038209378,TRUE,TRUE
9.11,"set1","ar2","9.11:set1",0.4,97,0.97,0.402740523424324,0.00274052342432407,0.024824174934893,0.023127,0.397443,1.07338500172495,TRUE,TRUE
9.11,"set1","beta1","9.11:set1",0.1,97,0.97,0.106159305776664,0.00615930577666449,0.0922577334054181,0.089261,0.095821,1.033572707066,TRUE,TRUE
9.11,"set1","beta2","9.11:set1",0.05,97,0.97,0.0493390660809679,-0.000660933919032131,0.0453490233825034,0.047907,0.050094,0.946605368370039,TRUE,TRUE
9.11,"set1","delta","9.11:set1",1.3,97,0.97,1.27030622172059,-0.0296937782794056,0.197524727393025,0.222917,1.267808,0.886090910038377,TRUE,TRUE
9.11,"set1","gamma1","9.11:set1",0.5,97,0.97,0.534377720178777,0.0343777201787775,0.161105123065324,0.1602,0.508365,1.00564995671238,TRUE,TRUE
9.11,"set1","gamma2","9.11:set1",-0.5,97,0.97,-0.539255081900963,-0.0392550819009634,0.189312959007832,0.18368,-0.560181,1.03066724198515,TRUE,TRUE
9.11,"set1","ma1","9.11:set1",-0.4,97,0.97,-0.394571630463345,0.00542836953665504,0.0263989734303363,0.023504,-0.403155,1.12316939373452,TRUE,FALSE
9.11,"set1","ma2","9.11:set1",0.4,97,0.97,0.39884962065891,-0.00115037934108975,0.0191636917794364,0.019651,0.402157,0.975201861454197,TRUE,TRUE
9.11,"set1","mu","9.11:set1",0.1,97,0.97,0.101011136095849,0.00101113609584877,0.0076682835508262,0.009536,0.104749,0.804140473031272,FALSE,TRUE
9.11,"set1","omega","9.11:set1",0.05,97,0.97,0.0555463570063448,0.00554635700634478,0.0220296753640608,0.04381,0.084491,0.502845819768565,FALSE,TRUE
9.11,"set1","stable_alpha","9.11:set1",1.8,97,0.97,1.799667729942,-0.000332270058002182,0.0266435070708609,0.02891,1.797829,0.921601766546554,TRUE,TRUE
9.11,"set1","stable_beta","9.11:set1",-0.7,97,0.97,-0.698315506399754,0.00168449360024636,0.107360324854344,0.09306,-0.682651,1.15366779340581,TRUE,FALSE
9.12,"set1","alpha1","9.12:set1",0.05,95,0.95,0.0533716798653602,0.00337167986536019,0.0191528528334222,0.031251,0.07201,0.612871678775789,TRUE,TRUE
9.12,"set1","alpha2","9.12:set1",0.1,95,0.95,0.100538093669882,0.000538093669881931,0.0221441852670508,0.053401,0.144512,0.414677351867022,TRUE,TRUE
9.12,"set1","ar1","9.12:set1",0.2,95,0.95,0.199835270962515,-0.000164729037484518,0.0387222562807837,0.072735,0.201691,0.532374459074499,TRUE,TRUE
9.12,"set1","ar2","9.12:set1",-0.2,95,0.95,-0.197301628310598,0.00269837168940193,0.0309055002090019,0.046882,-0.206351,0.659218894437138,TRUE,TRUE
9.12,"set1","beta1","9.12:set1",0.05,95,0.95,0.062245582394532,0.0122455823945319,0.0767716492504755,0.084388,0.071745,0.909746045059434,TRUE,TRUE
9.12,"set1","beta2","9.12:set1",0.2,95,0.95,0.193178914676958,-0.00682108532304196,0.0799528474637793,0.096978,0.172981,0.824443146525803,TRUE,TRUE
9.12,"set1","delta","9.12:set1",1.1,95,0.95,1.07736854349761,-0.0226314565023884,0.177000759199664,0.247918,1.019102,0.713948802425255,TRUE,TRUE
9.12,"set1","gamma1","9.12:set1",0.2,95,0.95,0.161104265790523,-0.0388957342094772,0.246274970365756,0.249802,0.183775,0.985880698976615,TRUE,TRUE
9.12,"set1","gamma2","9.12:set1",-0.2,95,0.95,-0.2131895849654,-0.0131895849654005,0.134642947729931,0.13252,-0.198915,1.01601982893096,TRUE,TRUE
9.12,"set1","ma1","9.12:set1",0.3,95,0.95,0.302167866776188,0.00216786677618774,0.0345216994765069,0.093761,0.301405,0.368188260326862,TRUE,TRUE
9.12,"set1","ma2","9.12:set1",0.5,95,0.95,0.499180067853348,-0.000819932146651547,0.0165633490683764,0.028391,0.503564,0.583401397216596,TRUE,TRUE
9.12,"set1","mu","9.12:set1",0,95,0.95,0.000954961026007444,0.000954961026007444,0.0235420814766568,0.174858,-0.004236,0.134635426898722,FALSE,TRUE
9.12,"set1","omega","9.12:set1",0.2,95,0.95,0.202354546916072,0.00235454691607195,0.0373923815661559,0.117561,0.298209,0.318067909988482,FALSE,TRUE
9.12,"set1","stable_alpha","9.12:set1",1.6,95,0.95,1.60064176823747,0.000641768237467089,0.0281340075126153,0.038702,1.609204,0.726939370384355,TRUE,TRUE
9.12,"set1","stable_beta","9.12:set1",0.5,95,0.95,0.503544457316849,0.00354445731684883,0.06907367171013,0.083375,0.498556,0.828469825608756,TRUE,TRUE
9.13,"set1","alpha1","9.13:set1",0.1,99,0.99,0.099948692477731,-5.13075222690201e-05,0.0186462763456537,0.048278,0.140756,0.386227191384352,TRUE,TRUE
9.13,"set1","alpha2","9.13:set1",0.1,99,0.99,0.097010715096295,-0.00298928490370505,0.023428025908472,0.048681,0.134487,0.481256052843449,TRUE,TRUE
9.13,"set1","ar1","9.13:set1",0.2,99,0.99,0.195698044525346,-0.00430195547465448,0.0539035579783725,0.045727,0.203443,1.17881247355769,TRUE,FALSE
9.13,"set1","ar2","9.13:set1",-0.2,99,0.99,-0.19805771983765,0.00194228016235026,0.0396707348350842,0.039245,-0.198906,1.01084812931798,TRUE,TRUE
9.13,"set1","beta1","9.13:set1",0.1,99,0.99,0.123457376969379,0.0234573769693791,0.131658841154239,0.12539,0.115413,1.04999474562756,TRUE,TRUE
9.13,"set1","beta2","9.13:set1",0.1,99,0.99,0.0817575101171582,-0.0182424898828418,0.0856448667651921,0.096718,0.094161,0.885511143377573,TRUE,TRUE
9.13,"set1","ma1","9.13:set1",0.3,99,0.99,0.305353254248969,0.00535325424896876,0.048284933390609,0.04455,0.295398,1.08383688867809,TRUE,TRUE
9.13,"set1","ma2","9.13:set1",0.5,99,0.99,0.501359826282499,0.00135982628249864,0.0237492912823716,0.026494,0.497522,0.896402630118953,TRUE,TRUE
9.13,"set1","mu","9.13:set1",0.1,99,0.99,0.10056170576737,0.00056170576736965,0.0105834643723067,0.045461,0.054902,0.232803158142292,FALSE,TRUE
9.13,"set1","omega","9.13:set1",0.1,99,0.99,0.0990598610741939,-0.000940138925806147,0.0164198739880913,0.045154,0.139236,0.363641626170247,FALSE,TRUE
9.13,"set1","stable_alpha","9.13:set1",1.9,99,0.99,1.89691673317561,-0.00308326682439364,0.0230182496807712,0.022656,1.903454,1.0159891278589,TRUE,TRUE
9.13,"set1","stable_beta","9.13:set1",0,99,0.99,-0.0090332839684453,-0.0090332839684453,0.200206710641573,0.203769,0.017918,0.982518001470158,TRUE,TRUE
9.13,"set2","alpha1","9.13:set2",0.1,100,1,0.100601030643925,0.000601030643925055,0.0174902092361866,0.04277,0.137148,0.408936386162886,TRUE,TRUE
9.13,"set2","alpha2","9.13:set2",0.1,100,1,0.0992231863448163,-0.000776813655183672,0.02194436253772,0.049761,0.138083,0.440995207847912,TRUE,TRUE
9.13,"set2","ar1","9.13:set2",0.2,100,1,0.197706215804555,-0.00229378419544479,0.0429252681775728,0.040082,0.197849,1.07093628505496,TRUE,TRUE
9.13,"set2","ar2","9.13:set2",-0.2,100,1,-0.196676294439401,0.00332370556059933,0.0296264450110554,0.037634,-0.192536,0.787225514456485,TRUE,TRUE
9.13,"set2","beta1","9.13:set2",0.1,100,1,0.106978340113148,0.00697834011314756,0.118221239349424,0.1192,0.111581,0.991788920716648,TRUE,TRUE
9.13,"set2","beta2","9.13:set2",0.1,100,1,0.0919853436451337,-0.0080146563548663,0.081016765155001,0.078253,0.085858,1.0353183284347,TRUE,TRUE
9.13,"set2","ma1","9.13:set2",0.3,100,1,0.303860041304866,0.00386004130486589,0.0377336358842513,0.039736,0.308166,0.949608311965252,TRUE,TRUE
9.13,"set2","ma2","9.13:set2",0.5,100,1,0.500475427187942,0.000475427187942357,0.0197571369007557,0.021804,0.500282,0.906124422159042,TRUE,TRUE
9.13,"set2","mu","9.13:set2",0.1,100,1,0.100261851262081,0.000261851262080878,0.0108916204083006,0.058307,0.045804,0.186797818586116,FALSE,TRUE
9.13,"set2","omega","9.13:set2",0.1,100,1,0.0996269709991724,-0.000373029000827654,0.0140761194091013,0.04417,0.1387,0.318680539033309,FALSE,TRUE
9.13,"set2","stable_alpha","9.13:set2",1.7,100,1,1.69952026086402,-0.000479739135982982,0.0308205511446636,0.032009,1.715062,0.962871415685075,TRUE,TRUE
9.13,"set2","stable_beta","9.13:set2",-0.5,100,1,-0.499732920539302,0.000267079460698316,0.0771213202145048,0.18822,-0.379408,0.409740305039341,TRUE,TRUE
9.14,"set1","alpha1","9.14:set1",0.1,100,1,0.100089844960663,8.98449606624996e-05,0.0200055408145819,0.048278,0.140756,0.414382137093124,TRUE,TRUE
9.14,"set1","ar1","9.14:set1",0.2,100,1,0.202135752604669,0.002135752604669,0.0346565994241573,0.045727,0.203443,0.757902320820462,TRUE,TRUE
9.14,"set1","beta1","9.14:set1",0.1,100,1,0.121253253603225,0.0212532536032247,0.144931848840612,0.12539,0.115413,1.15584854326989,TRUE,FALSE
9.14,"set1","ma1","9.14:set1",0.3,100,1,0.298329772047824,-0.00167022795217631,0.034210800742459,0.04455,0.295398,0.76791920858494,TRUE,TRUE
9.14,"set1","mu","9.14:set1",0.1,100,1,0.100030061457467,3.00614574673952e-05,0.0063746644699183,0.045461,0.054902,0.140222706713849,FALSE,TRUE
9.14,"set1","omega","9.14:set1",0.1,100,1,0.096771416036664,-0.00322858396333603,0.0176346365395049,0.045154,0.139236,0.390544282666096,FALSE,TRUE
9.14,"set1","stable_alpha","9.14:set1",1.9,100,1,1.89604793943969,-0.00395206056031339,0.0235510015138277,0.022656,1.903454,1.03950395099875,TRUE,TRUE
9.14,"set1","stable_beta","9.14:set1",0,100,1,-0.0097227643666362,-0.0097227643666362,0.19481886743375,0.203769,0.017918,0.956077064881067,TRUE,TRUE
9.14,"set2","alpha1","9.14:set2",0.2,100,1,0.20219847701148,0.0021984770114796,0.0213160029407697,0.081377,0.27687,0.261941370912785,TRUE,TRUE
9.14,"set2","ar1","9.14:set2",0.3,100,1,0.300862709918858,0.000862709918858395,0.0315906078379573,0.034104,0.300774,0.926302129895533,TRUE,TRUE
9.14,"set2","beta1","9.14:set2",0.15,100,1,0.140889110815851,-0.00911088918414935,0.0654858264316613,0.068714,0.140878,0.953020147737889,TRUE,TRUE
9.14,"set2","ma1","9.14:set2",0.2,100,1,0.199263805220483,-0.000736194779516752,0.035064822000265,0.032871,0.196024,1.06674034864364,TRUE,TRUE
9.14,"set2","mu","9.14:set2",0.1,100,1,0.100070302226268,7.03022262679015e-05,0.00674141785389369,0.020385,0.080337,0.330704824816958,FALSE,TRUE
9.14,"set2","omega","9.14:set2",0.1,100,1,0.100599683145792,0.000599683145791757,0.00973110290476555,0.043409,0.140706,0.224172473559989,FALSE,TRUE
9.14,"set2","stable_alpha","9.14:set2",1.8,100,1,1.79747905180503,-0.00252094819496507,0.0256325883974922,0.02527,1.802981,1.01434857132933,TRUE,TRUE
9.14,"set2","stable_beta","9.14:set2",0.5,100,1,0.4930264195904,-0.00697358040959978,0.107656535062822,0.09692,0.491312,1.11077729119709,TRUE,FALSE
9.15,"set1","alpha1","9.15:set1",0.1,93,0.93,0.0964006282540333,-0.00359937174596668,0.0278043292932314,0.029693,0.097183,0.936393402257482,TRUE,TRUE
9.15,"set1","alpha2","9.15:set1",0.1,93,0.93,0.100522689671626,0.00052268967162622,0.033708473975727,0.033444,0.100697,1.00790796482858,TRUE,TRUE
9.15,"set1","ar1","9.15:set1",0.5,93,0.93,0.495165468187571,-0.00483453181242877,0.0208566484457146,0.018019,0.499481,1.15748090602778,TRUE,FALSE
9.15,"set1","ar2","9.15:set1",0.4,93,0.93,0.404321533703378,0.0043215337033784,0.0204278550558847,0.017749,0.401022,1.15092991469292,TRUE,FALSE
9.15,"set1","beta1","9.15:set1",0.1,93,0.93,0.100987607215939,0.000987607215938824,0.0752932467859093,0.054308,0.095959,1.38641170335695,TRUE,FALSE
9.15,"set1","beta2","9.15:set1",0.05,93,0.93,0.0492878612811991,-0.000712138718800881,0.046640099594289,0.042078,0.049454,1.10842006735798,TRUE,FALSE
9.15,"set1","delta","9.15:set1",1.3,93,0.93,1.28687148244337,-0.0131285175566278,0.189922372171298,0.177481,1.269226,1.07009974121905,TRUE,TRUE
9.15,"set1","gamma1","9.15:set1",0.5,93,0.93,0.464792780369392,-0.035207219630608,0.158755660155635,0.210093,0.445066,0.755644691425391,TRUE,TRUE
9.15,"set1","gamma2","9.15:set1",-0.5,93,0.93,-0.587295473929607,-0.0872954739296066,0.335801769541618,0.327781,-0.613494,1.02446990381266,TRUE,TRUE
9.15,"set1","ma1","9.15:set1",-0.4,93,0.93,-0.396920209591563,0.0030797904084367,0.0205234796253735,0.016219,-0.398776,1.26539735035289,TRUE,FALSE
9.15,"set1","ma2","9.15:set1",0.4,93,0.93,0.396075977943052,-0.00392402205694792,0.0186020030770313,0.014316,0.398895,1.29938551809383,TRUE,FALSE
9.15,"set1","mu","9.15:set1",0.1,93,0.93,0.101601774644113,0.00160177464411293,0.0103573305992231,0.008888,0.099171,1.16531622403501,TRUE,FALSE
9.15,"set1","omega","9.15:set1",0.05,93,0.93,0.0545116410697524,0.00451164106975236,0.0192345052926154,0.016546,0.055905,1.16248672142001,TRUE,FALSE
9.15,"set1","xi","9.15:set1",0.2,93,0.93,0.201613388112369,0.00161338811236889,0.0176596537337404,0.015467,0.202141,1.14176334995412,TRUE,FALSE
9.15,"set2","alpha1","9.15:set2",0.05,100,1,0.0471496871199714,-0.00285031288002859,0.0270979270144175,0.025793,0.052011,1.05059229304143,TRUE,TRUE
9.15,"set2","alpha2","9.15:set2",0.1,100,1,0.100063012626913,6.3012626913328e-05,0.0381922373377226,0.034888,0.102571,1.09470985260613,TRUE,TRUE
9.15,"set2","ar1","9.15:set2",0.2,100,1,0.192617784514144,-0.00738221548585608,0.0444477673189761,0.040526,0.200421,1.09677163596151,TRUE,TRUE
9.15,"set2","ar2","9.15:set2",-0.2,100,1,-0.199190533390199,0.000809466609800885,0.0360389964327777,0.034729,-0.197321,1.03772053421572,TRUE,TRUE
9.15,"set2","beta1","9.15:set2",0.05,100,1,0.0672527670384429,0.0172527670384428,0.0828798687112794,0.069265,0.060884,1.19656202571688,TRUE,FALSE
9.15,"set2","beta2","9.15:set2",0.2,100,1,0.182381606568192,-0.0176183934318083,0.0819556987866387,0.076452,0.200651,1.07198894452256,TRUE,TRUE
9.15,"set2","delta","9.15:set2",1.5,100,1,1.46626152978613,-0.0337384702138732,0.2840358350372,0.307075,1.351043,0.924972189325736,TRUE,TRUE
9.15,"set2","gamma1","9.15:set2",0.2,100,1,-0.0493899548525587,-0.249389954852559,0.575997199161392,0.550351,-0.032763,1.04659971393055,TRUE,TRUE
9.15,"set2","gamma2","9.15:set2",-0.2,100,1,-0.317193259025607,-0.117193259025607,0.361268791475034,0.332478,-0.34175,1.08659457610739,TRUE,TRUE
9.15,"set2","ma1","9.15:set2",0.3,100,1,0.305386391095409,0.00538639109540912,0.0403069231859977,0.037702,0.299255,1.06909244034793,TRUE,TRUE
9.15,"set2","ma2","9.15:set2",0.5,100,1,0.502563626582433,0.00256362658243292,0.0225025516513075,0.01886,0.499705,1.19313635478831,TRUE,FALSE
9.15,"set2","mu","9.15:set2",0,100,1,0.00469278128935053,0.00469278128935053,0.0239960653913118,0.012034,0.001935,1.99402238584941,TRUE,FALSE
9.15,"set2","omega","9.15:set2",0.2,100,1,0.208646417693074,0.00864641769307414,0.0455935405945018,0.051102,0.221258,0.892206578891272,TRUE,TRUE
9.15,"set2","xi","9.15:set2",0.1,100,1,0.101219442373948,0.00121944237394792,0.0167207342344418,0.013058,0.101032,1.28049733760467,TRUE,FALSE
9.16,"set1","alpha1","9.16:set1",0.05,100,1,0.0507492842668876,0.000749284266887619,0.0147976186939093,0.00966,0.04852,1.53184458529082,TRUE,FALSE
9.16,"set1","alpha2","9.16:set1",0.1,100,1,0.099317530302589,-0.000682469697411009,0.0214781174056352,0.01669,0.09995,1.28688540477143,TRUE,FALSE
9.16,"set1","ar1","9.16:set1",0.2,100,1,0.187301947108298,-0.0126980528917017,0.0602269557049519,0.04423,0.20078,1.36167659292227,TRUE,FALSE
9.16,"set1","ar2","9.16:set1",-0.2,100,1,-0.197877009696868,0.00212299030313171,0.047076107352366,0.03628,-0.20198,1.29757738016444,TRUE,FALSE
9.16,"set1","beta1","9.16:set1",0.05,100,1,0.102164583323701,0.0521645833237009,0.149377874175858,0.07987,0.0671,1.87026260392961,TRUE,FALSE
9.16,"set1","beta2","9.16:set1",0.2,100,1,0.15480280034937,-0.0451971996506301,0.119959147596782,0.07434,0.189,1.61365546942133,TRUE,FALSE
9.16,"set1","ma1","9.16:set1",0.3,100,1,0.309728265721717,0.00972826572171737,0.0556174134981655,0.03797,0.29946,1.46477254406546,TRUE,FALSE
9.16,"set1","ma2","9.16:set1",0.5,100,1,0.503164913573751,0.00316491357375059,0.0298579352354419,0.02205,0.50151,1.35410137122186,TRUE,FALSE
9.16,"set1","mu","9.16:set1",0.1,100,1,0.106577185178288,0.00657718517828752,0.0300474553182629,0.04655,0.05618,0.645487761939053,TRUE,TRUE
9.16,"set1","omega","9.16:set1",0.2,100,1,0.198569788232451,-0.00143021176754882,0.0354286079955269,0.02234,0.19941,1.58588218422233,TRUE,FALSE
9.16,"set1","xi","9.16:set1",-0.1,100,1,-0.10048096257931,-0.000480962579310115,0.0138462652773146,0.20299,0.10245,0.0682115635120677,TRUE,TRUE
9.16,"set2","alpha1","9.16:set2",0.1,100,1,0.101788733578056,0.00178873357805627,0.0199381463048236,0.01911,0.09988,1.04333575640103,TRUE,TRUE
9.16,"set2","alpha2","9.16:set2",0.2,100,1,0.200048089014597,4.80890145966584e-05,0.0296390739125438,0.02644,0.20233,1.12099371832616,TRUE,FALSE
9.16,"set2","ar1","9.16:set2",0.2,100,1,0.187077660595051,-0.0129223394049487,0.0634569286133909,0.05707,0.19714,1.11191394100913,TRUE,FALSE
9.16,"set2","ar2","9.16:set2",-0.2,100,1,-0.196315285832218,0.00368471416778213,0.0504457764797844,0.04743,-0.20228,1.06358373349746,TRUE,TRUE
9.16,"set2","beta1","9.16:set2",0.1,100,1,0.114481055240496,0.0144810552404963,0.0973710793178263,0.0846,0.09935,1.15095838437147,TRUE,FALSE
9.16,"set2","beta2","9.16:set2",0.1,100,1,0.0827239051886128,-0.0172760948113872,0.066950618090939,0.06169,0.09405,1.0852750541569,TRUE,TRUE
9.16,"set2","ma1","9.16:set2",0.3,100,1,0.310089358828556,0.0100893588285563,0.0580311640345726,0.05296,0.30067,1.09575460790356,TRUE,TRUE
9.16,"set2","ma2","9.16:set2",0.5,100,1,0.501839533525651,0.00183953352565125,0.0303947666208202,0.02452,0.50004,1.23959080835319,TRUE,FALSE
9.16,"set2","mu","9.16:set2",0.1,100,1,0.104736745867654,0.00473674586765409,0.0221917854774763,0.0444,0.05674,0.499814988231448,TRUE,TRUE
9.16,"set2","omega","9.16:set2",0.1,100,1,0.101001254472344,0.00100125447234412,0.0130416183120878,0.0123,0.10085,1.06029417171445,TRUE,TRUE
9.16,"set2","xi","9.16:set2",-0.2,100,1,-0.201514079082113,-0.00151407908211326,0.0126318191346082,0.01217,-0.19972,1.03794734055942,TRUE,TRUE
9.17,"set1","alpha1","9.17:set1",0.2,100,1,0.202802904549029,0.00280290454902934,0.02129656889635,0.020444,0.200334,1.04170264607464,TRUE,TRUE
9.17,"set1","ar1","9.17:set1",0.3,100,1,0.297774498128107,-0.00222550187189346,0.0245188029825652,0.022146,0.299885,1.10714363688997,TRUE,FALSE
9.17,"set1","beta1","9.17:set1",0.2,100,1,0.196416459372649,-0.00358354062735083,0.0346908526755841,0.041746,0.202887,0.830998243558284,TRUE,TRUE
9.17,"set1","ma1","9.17:set1",0.4,100,1,0.399061605796782,-0.000938394203218118,0.0239614246897044,0.020065,0.401414,1.19419011660625,TRUE,FALSE
9.17,"set1","mu","9.17:set1",0.1,100,1,0.10228316189985,0.00228316189985042,0.0121253411105485,0.029476,0.071336,0.41136318057228,TRUE,TRUE
9.17,"set1","omega","9.17:set1",0.05,100,1,0.0503659729443952,0.000365972944395207,0.00372330820587478,0.003965,0.049633,0.93904368370108,TRUE,TRUE
9.17,"set1","xi","9.17:set1",0.1,100,1,0.100899968106187,0.000899968106187296,0.0165415735005145,0.01406,0.101097,1.17649882649463,TRUE,FALSE
9.17,"set2","alpha1","9.17:set2",0.2,100,1,0.203707232069956,0.00370723206995585,0.0236585929339542,0.021919,0.199735,1.07936461216088,TRUE,TRUE
9.17,"set2","ar1","9.17:set2",0.3,100,1,0.297318029873286,-0.00268197012671351,0.0312100786347525,0.026564,0.294937,1.17490131888091,TRUE,FALSE
9.17,"set2","beta1","9.17:set2",0.2,100,1,0.196527358944492,-0.00347264105550796,0.0560118988244966,0.063252,0.188032,0.885535616652384,TRUE,TRUE
9.17,"set2","ma1","9.17:set2",0.4,100,1,0.398677566894313,-0.00132243310568742,0.0298834066469612,0.024234,0.399256,1.23311903305114,TRUE,FALSE
9.17,"set2","mu","9.17:set2",0.1,100,1,0.102300366727871,0.00230036672787061,0.0123902647629765,0.028986,0.072317,0.427456867555941,TRUE,TRUE
9.17,"set2","omega","9.17:set2",0.05,100,1,0.0502217435922389,0.000221743592238935,0.00500231854047919,0.005662,0.050733,0.883489675111125,TRUE,TRUE
9.17,"set2","xi","9.17:set2",-0.1,100,1,-0.100285672773534,-0.000285672773533502,0.0139718401361875,0.01438,-0.100019,0.971616142989392,TRUE,TRUE
9.2,"theta1","alpha1","9.2:theta1",0.45,99,0.99,0.453696962350535,0.0036969623505349,0.0337797851339854,0.059453,0.450818,0.568176292768833,TRUE,TRUE
9.2,"theta1","ar1","9.2:theta1",0.32,99,0.99,0.316881169874208,-0.00311883012579178,0.0160679535754429,0.089601,0.332897,0.17932783758488,TRUE,TRUE
9.2,"theta1","beta1","9.2:theta1",0.08,99,0.99,0.0791149927694261,-0.000885007230573887,0.0206115163045509,0.018056,0.079321,1.14153280375226,TRUE,FALSE
9.2,"theta1","mu","9.2:theta1",0.21,99,0.99,0.211691066784616,0.00169106678461578,0.00706150074600798,0.078336,0.22025,0.0901437493107637,TRUE,TRUE
9.2,"theta1","omega","9.2:theta1",0.01,99,0.99,0.0100532232300914,5.32232300913642e-05,0.000611804900331469,0.037473,0.014565,0.0163265524599437,TRUE,TRUE
9.2,"theta1","xi","9.2:theta1",0.08,99,0.99,0.0800919585787197,9.1958578719728e-05,0.0165783255094146,0.018498,0.079871,0.896222592140478,TRUE,TRUE
9.2,"theta2","alpha1","9.2:theta2",0.8,66,0.66,0.80373408121216,0.00373408121215957,0.0386223319205681,0.041665,0.794582,0.926973045015434,TRUE,TRUE
9.2,"theta2","ar1","9.2:theta2",0.1,66,0.66,0.0974441268982972,-0.00255587310170277,0.0126609456271107,0.019899,0.095243,0.636260396357138,TRUE,TRUE
9.2,"theta2","beta1","9.2:theta2",0.02,66,0.66,0.0184652380865115,-0.00153476191348852,0.00545328123576857,0.005398,0.020509,1.01024105886783,TRUE,TRUE
9.2,"theta2","mu","9.2:theta2",0.01,66,0.66,0.0114387300693214,0.00143873006932136,0.00435012945868904,0.004125,0.010734,1.05457683847007,TRUE,TRUE
9.2,"theta2","omega","9.2:theta2",0.01,66,0.66,0.0104518937334231,0.000451893733423093,0.00211098019167915,0.001597,0.010261,1.32184107180911,TRUE,FALSE
9.2,"theta2","xi","9.2:theta2",0.2,66,0.66,0.200362746930729,0.00036274693072913,0.0189112101378689,0.023523,0.198094,0.803945506009814,TRUE,TRUE
9.2,"theta3","alpha1","9.2:theta3",0.5,74,0.74,0.507850858857164,0.00785085885716363,0.0302221112326936,0.029906,0.499125,1.01057016092736,TRUE,TRUE
9.2,"theta3","ar1","9.2:theta3",0.2,74,0.74,0.198492797458383,-0.00150720254161713,0.0139352643184098,0.029277,0.195298,0.475979926850762,TRUE,TRUE
9.2,"theta3","beta1","9.2:theta3",0.1,74,0.74,0.0947315991960574,-0.00526840080394265,0.0118408125347277,0.012253,0.100162,0.966360281949538,TRUE,TRUE
9.2,"theta3","mu","9.2:theta3",0.05,74,0.74,0.0527855402074111,0.00278554020741112,0.00841331801575071,0.011911,0.052178,0.706348586663648,TRUE,TRUE
9.2,"theta3","omega","9.2:theta3",0.05,74,0.74,0.0513778183758009,0.00137781837580087,0.00368468397036084,0.006349,0.051072,0.580356586920908,TRUE,TRUE
9.2,"theta3","xi","9.2:theta3",0.3,74,0.74,0.30000332843615,3.32843615002965e-06,0.0187314376479947,0.02128,0.297296,0.880236731578696,TRUE,TRUE
9.7,"phi1","alpha1","9.7:phi1",0.45,89,0.89,0.450329754166329,0.000329754166329355,0.0239121706710917,0.019922,0.446819,1.20028966324122,TRUE,FALSE
9.7,"phi1","ar1","9.7:phi1",0.32,89,0.89,0.31944103450227,-0.000558965497730379,0.0157756912247964,0.016358,0.318587,0.964402202273899,TRUE,TRUE
9.7,"phi1","beta1","9.7:phi1",0.08,89,0.89,0.0779325073201988,-0.00206749267980125,0.0275370749443985,0.030893,0.080364,0.89136940227231,TRUE,TRUE
9.7,"phi1","mu","9.7:phi1",0.21,89,0.89,0.210170075292573,0.000170075292573013,0.00486801272654419,0.005096,0.210501,0.955261524047133,FALSE,TRUE
9.7,"phi1","omega","9.7:phi1",0.01,89,0.89,0.00996040205491854,-3.95979450814581e-05,0.000565384394047382,0.000707,0.010059,0.799695041085406,FALSE,TRUE
9.7,"phi1","stable_alpha","9.7:phi1",1.8,89,0.89,1.79818866995461,-0.00181133004538525,0.0246023688109376,0.028536,1.803118,0.86215197683409,TRUE,TRUE
9.7,"phi1","stable_beta","9.7:phi1",0.5,89,0.89,0.491598470961014,-0.00840152903898628,0.10794945726857,0.117259,0.516406,0.920607009002042,TRUE,TRUE
9.7,"phi2","alpha1","9.7:phi2",0.8,75,0.75,0.798453753761911,-0.00154624623808897,0.024262563315485,0.070065,0.763452,0.34628649561814,TRUE,TRUE
9.7,"phi2","ar1","9.7:phi2",0.1,75,0.75,0.099386141762258,-0.00061385823774196,0.0103783617088132,0.05518,0.106499,0.188081944704842,TRUE,TRUE
9.7,"phi2","beta1","9.7:phi2",0.02,75,0.75,0.0188122901390052,-0.0011877098609948,0.0106805814279742,0.043768,0.032211,0.244027175744248,TRUE,TRUE
9.7,"phi2","mu","9.7:phi2",0.01,75,0.75,0.00998755962090106,-1.24403790989387e-05,0.000523235600496321,0.000792,0.009982,0.660651010727678,FALSE,TRUE
9.7,"phi2","omega","9.7:phi2",0.01,75,0.75,0.00999170392641851,-8.29607358148951e-06,0.000606034046956849,0.00094,0.010357,0.644717071230691,FALSE,TRUE
9.7,"phi2","stable_alpha","9.7:phi2",1.9,75,0.75,1.89288862113946,-0.00711137886053503,0.0235365746480293,0.034175,1.897083,0.688707378142774,TRUE,TRUE
9.7,"phi2","stable_beta","9.7:phi2",0.5,75,0.75,0.477678334527145,-0.0223216654728551,0.170545609645034,0.252155,0.484124,0.67635228191007,TRUE,TRUE
9.7,"phi3","alpha1","9.7:phi3",0.5,97,0.97,0.500718695983308,0.000718695983308426,0.02497031840999,0.019992,0.497222,1.24901552671018,TRUE,FALSE
9.7,"phi3","ar1","9.7:phi3",0.2,97,0.97,0.199725312046366,-0.000274687953633529,0.01601595409402,0.015298,0.202034,1.0469312389868,TRUE,TRUE
9.7,"phi3","beta1","9.7:phi3",0.1,97,0.97,0.0973693139567135,-0.00263068604328653,0.0238301016426622,0.025639,0.098024,0.929447390407668,TRUE,TRUE
9.7,"phi3","mu","9.7:phi3",0.05,97,0.97,0.0499603285348221,-3.96714651779012e-05,0.00281369961772046,0.00302,0.05007,0.931688615139225,FALSE,TRUE
9.7,"phi3","omega","9.7:phi3",0.05,97,0.97,0.0499070420147843,-9.29579852156984e-05,0.0030071189510204,0.003512,0.050466,0.856241159174373,FALSE,TRUE
9.7,"phi3","stable_alpha","9.7:phi3",1.8,97,0.97,1.7971033570018,-0.00289664299819492,0.0253980315932869,0.027657,1.794382,0.918322001420503,TRUE,TRUE
9.7,"phi3","stable_beta","9.7:phi3",0.5,97,0.97,0.49593135609544,-0.0040686439045598,0.105835343565135,0.101071,0.500529,1.04713858144409,TRUE,TRUE
